id,english,language_A,language_B,language_C,language_D,language_E
1,I go.,ma daka,ma daka,medaka,daka-ka,madaka
2,I go to the city.,ma daka du kano,ma daka mu kano,medaka dra kano,daka-ka kano-mu,makanomodaka
3,I go into the house.,ma daka ri toto,ma daka nel toto,medaka vren toto,daka-ka toto-nun,matotonudaka
4,I will go tomorrow.,fila ma vek daka,ma zo daka fila,ardaka fila,daka-ka-ra fila,madakarufila
5,I will go to the city tomorrow.,fila ma vek daka du kano,ma zo daka mu kano fila,ardaka dra kano fila,daka-ka-ra kano-mu fila,makanomodakarufila
6,I will go into the house tomorrow.,fila ma vek daka ri toto,ma zo daka nel toto fila,ardaka vren toto fila,daka-ka-ra toto-nun fila,matotonudakarufila
7,I went yesterday.,sena ma tun daka,ma ki daka sena,ukdaka sena,daka-ka-si sena,madakasesena
8,I went to the city yesterday.,sena ma tun daka du kano,ma ki daka mu kano sena,ukdaka dra kano sena,daka-ka-si kano-mu sena,makanomodakasesena
9,I went into the house yesterday.,sena ma tun daka ri toto,ma ki daka nel toto sena,ukdaka vren toto sena,daka-ka-si toto-nun sena,matotonudakasesena
10,I go here.,ma daka nala,ma daka nala,medaka nala,daka-ka nala,madakanala
11,You go.,ta daka,ta daka,tidaka,daka-tu,tadaka
12,You go to the city.,ta daka du kano,ta daka mu kano,tidaka dra kano,daka-tu kano-mu,takanomodaka
13,You go into the house.,ta daka ri toto,ta daka nel toto,tidaka vren toto,daka-tu toto-nun,tatotonudaka
14,You will go tomorrow.,fila ta vek daka,ta zo daka fila,eldaka fila,daka-tu-ra fila,tadakarufila
15,You will go to the city tomorrow.,fila ta vek daka du kano,ta zo daka mu kano fila,eldaka dra kano fila,daka-tu-ra kano-mu fila,takanomodakarufila
16,You will go into the house tomorrow.,fila ta vek daka ri toto,ta zo daka nel toto fila,eldaka vren toto fila,daka-tu-ra toto-nun fila,tatotonudakarufila
17,You went yesterday.,sena ta tun daka,ta ki daka sena,otdaka sena,daka-tu-si sena,tadakasesena
18,You went to the city yesterday.,sena ta tun daka du kano,ta ki daka mu kano sena,otdaka dra kano sena,daka-tu-si kano-mu sena,takanomodakasesena
19,You went into the house yesterday.,sena ta tun daka ri toto,ta ki daka nel toto sena,otdaka vren toto sena,daka-tu-si toto-nun sena,tatotonudakasesena
20,You go here.,ta daka nala,ta daka nala,tidaka nala,daka-tu nala,tadakanala
21,He goes.,lo daka,lo daka,nadaka,daka-li,lodaka
22,He goes to the city.,lo daka du kano,lo daka mu kano,nadaka dra kano,daka-li kano-mu,lokanomodaka
23,He goes into the house.,lo daka ri toto,lo daka nel toto,nadaka vren toto,daka-li toto-nun,lototonudaka
24,He will go tomorrow.,fila lo vek daka,lo zo daka fila,ordaka fila,daka-li-ra fila,lodakarufila
25,He will go to the city tomorrow.,fila lo vek daka du kano,lo zo daka mu kano fila,ordaka dra kano fila,daka-li-ra kano-mu fila,lokanomodakarufila
26,He will go into the house tomorrow.,fila lo vek daka ri toto,lo zo daka nel toto fila,ordaka vren toto fila,daka-li-ra toto-nun fila,lototonudakarufila
27,He went yesterday.,sena lo tun daka,lo ki daka sena,evdaka sena,daka-li-si sena,lodakasesena
28,He went to the city yesterday.,sena lo tun daka du kano,lo ki daka mu kano sena,evdaka dra kano sena,daka-li-si kano-mu sena,lokanomodakasesena
29,He went into the house yesterday.,sena lo tun daka ri toto,lo ki daka nel toto sena,evdaka vren toto sena,daka-li-si toto-nun sena,lototonudakasesena
30,He goes here.,lo daka nala,lo daka nala,nadaka nala,daka-li nala,lodakanala
31,I cry.,ma naku,ma naku,menaku,naku-ka,manaku
32,I cry in the city.,ma naku na kano,ma naku sha kano,menaku nim kano,naku-ka kano-ne,makanoninaku
33,I cry in the house.,ma naku na toto,ma naku sha toto,menaku nim toto,naku-ka toto-ne,matotoninaku
34,I will cry tomorrow.,fila ma vek naku,ma zo naku fila,arnaku fila,naku-ka-ra fila,manakurufila
35,I will cry in the city tomorrow.,fila ma vek naku na kano,ma zo naku sha kano fila,arnaku nim kano fila,naku-ka-ra kano-ne fila,makanoninakurufila
36,I will cry in the house tomorrow.,fila ma vek naku na toto,ma zo naku sha toto fila,arnaku nim toto fila,naku-ka-ra toto-ne fila,matotoninakurufila
37,I cried yesterday.,sena ma tun naku,ma ki naku sena,uknaku sena,naku-ka-si sena,manakusesena
38,I cried in the city yesterday.,sena ma tun naku na kano,ma ki naku sha kano sena,uknaku nim kano sena,naku-ka-si kano-ne sena,makanoninakusesena
39,I cried in the house yesterday.,sena ma tun naku na toto,ma ki naku sha toto sena,uknaku nim toto sena,naku-ka-si toto-ne sena,matotoninakusesena
40,I cry here.,ma naku nala,ma naku nala,menaku nala,naku-ka nala,manakunala
41,You cry.,ta naku,ta naku,tinaku,naku-tu,tanaku
42,You cry in the city.,ta naku na kano,ta naku sha kano,tinaku nim kano,naku-tu kano-ne,takanoninaku
43,You cry in the house.,ta naku na toto,ta naku sha toto,tinaku nim toto,naku-tu toto-ne,tatotoninaku
44,You will cry tomorrow.,fila ta vek naku,ta zo naku fila,elnaku fila,naku-tu-ra fila,tanakurufila
45,You will cry in the city tomorrow.,fila ta vek naku na kano,ta zo naku sha kano fila,elnaku nim kano fila,naku-tu-ra kano-ne fila,takanoninakurufila
46,You will cry in the house tomorrow.,fila ta vek naku na toto,ta zo naku sha toto fila,elnaku nim toto fila,naku-tu-ra toto-ne fila,tatotoninakurufila
47,You cried yesterday.,sena ta tun naku,ta ki naku sena,otnaku sena,naku-tu-si sena,tanakusesena
48,You cried in the city yesterday.,sena ta tun naku na kano,ta ki naku sha kano sena,otnaku nim kano sena,naku-tu-si kano-ne sena,takanoninakusesena
49,You cried in the house yesterday.,sena ta tun naku na toto,ta ki naku sha toto sena,otnaku nim toto sena,naku-tu-si toto-ne sena,tatotoninakusesena
50,You cry here.,ta naku nala,ta naku nala,tinaku nala,naku-tu nala,tanakunala
51,He cries.,lo naku,lo naku,nanaku,naku-li,lonaku
52,He cries in the city.,lo naku na kano,lo naku sha kano,nanaku nim kano,naku-li kano-ne,lokanoninaku
53,He cries in the house.,lo naku na toto,lo naku sha toto,nanaku nim toto,naku-li toto-ne,lototoninaku
54,He will cry tomorrow.,fila lo vek naku,lo zo naku fila,ornaku fila,naku-li-ra fila,lonakurufila
55,He will cry in the city tomorrow.,fila lo vek naku na kano,lo zo naku sha kano fila,ornaku nim kano fila,naku-li-ra kano-ne fila,lokanoninakurufila
56,He will cry in the house tomorrow.,fila lo vek naku na toto,lo zo naku sha toto fila,ornaku nim toto fila,naku-li-ra toto-ne fila,lototoninakurufila
57,He cried yesterday.,sena lo tun naku,lo ki naku sena,evnaku sena,naku-li-si sena,lonakusesena
58,He cried in the city yesterday.,sena lo tun naku na kano,lo ki naku sha kano sena,evnaku nim kano sena,naku-li-si kano-ne sena,lokanoninakusesena
59,He cried in the house yesterday.,sena lo tun naku na toto,lo ki naku sha toto sena,evnaku nim toto sena,naku-li-si toto-ne sena,lototoninakusesena
60,He cries here.,lo naku nala,lo naku nala,nanaku nala,naku-li nala,lonakunala
61,It rains.,lo bogu,lo bogu,nabogu,bogu-li,lobogu
62,It will rain tomorrow.,fila lo vek bogu,lo zo bogu fila,orbogu fila,bogu-li-ra fila,lobogurufila
63,It rained yesterday.,sena lo tun bogu,lo ki bogu sena,evbogu sena,bogu-li-si sena,lobogusesena
64,I eat food.,ma notu peli,ma notu peli,menotu peli,notu-ka peli,mapelinotu
65,I eat food in the city.,ma notu peli na kano,ma notu peli sha kano,menotu peli nim kano,notu-ka peli kano-ne,mapelikanoninotu
66,I eat food in the house.,ma notu peli na toto,ma notu peli sha toto,menotu peli nim toto,notu-ka peli toto-ne,mapelitotoninotu
67,I will eat food tomorrow.,fila ma vek notu peli,ma zo notu peli fila,arnotu peli fila,notu-ka-ra peli fila,mapelinoturufila
68,I will eat food in the city tomorrow.,fila ma vek notu peli na kano,ma zo notu peli sha kano fila,arnotu peli nim kano fila,notu-ka-ra peli kano-ne fila,mapelikanoninoturufila
69,I will eat food in the house tomorrow.,fila ma vek notu peli na toto,ma zo notu peli sha toto fila,arnotu peli nim toto fila,notu-ka-ra peli toto-ne fila,mapelitotoninoturufila
70,I ate food yesterday.,sena ma tun notu peli,ma ki notu peli sena,uknotu peli sena,notu-ka-si peli sena,mapelinotusesena
71,I ate food in the city yesterday.,sena ma tun notu peli na kano,ma ki notu peli sha kano sena,uknotu peli nim kano sena,notu-ka-si peli kano-ne sena,mapelikanoninotusesena
72,I ate food in the house yesterday.,sena ma tun notu peli na toto,ma ki notu peli sha toto sena,uknotu peli nim toto sena,notu-ka-si peli toto-ne sena,mapelitotoninotusesena
73,I eat bread.,ma notu fenu,ma notu fenu,menotu fenu,notu-ka fenu,mafenunotu
74,I eat bread in the city.,ma notu fenu na kano,ma notu fenu sha kano,menotu fenu nim kano,notu-ka fenu kano-ne,mafenukanoninotu
75,I eat bread in the house.,ma notu fenu na toto,ma notu fenu sha toto,menotu fenu nim toto,notu-ka fenu toto-ne,mafenutotoninotu
76,I will eat bread tomorrow.,fila ma vek notu fenu,ma zo notu fenu fila,arnotu fenu fila,notu-ka-ra fenu fila,mafenunoturufila
77,I will eat bread in the city tomorrow.,fila ma vek notu fenu na kano,ma zo notu fenu sha kano fila,arnotu fenu nim kano fila,notu-ka-ra fenu kano-ne fila,mafenukanoninoturufila
78,I will eat bread in the house tomorrow.,fila ma vek notu fenu na toto,ma zo notu fenu sha toto fila,arnotu fenu nim toto fila,notu-ka-ra fenu toto-ne fila,mafenutotoninoturufila
79,I ate bread yesterday.,sena ma tun notu fenu,ma ki notu fenu sena,uknotu fenu sena,notu-ka-si fenu sena,mafenunotusesena
80,I ate bread in the city yesterday.,sena ma tun notu fenu na kano,ma ki notu fenu sha kano sena,uknotu fenu nim kano sena,notu-ka-si fenu kano-ne sena,mafenukanoninotusesena
81,I ate bread in the house yesterday.,sena ma tun notu fenu na toto,ma ki notu fenu sha toto sena,uknotu fenu nim toto sena,notu-ka-si fenu toto-ne sena,mafenutotoninotusesena
82,I eat fruit.,ma notu raki,ma notu raki,menotu raki,notu-ka raki,marakinotu
83,I eat fruit in the city.,ma notu raki na kano,ma notu raki sha kano,menotu raki nim kano,notu-ka raki kano-ne,marakikanoninotu
84,I eat fruit in the house.,ma notu raki na toto,ma notu raki sha toto,menotu raki nim toto,notu-ka raki toto-ne,marakitotoninotu
85,I will eat fruit tomorrow.,fila ma vek notu raki,ma zo notu raki fila,arnotu raki fila,notu-ka-ra raki fila,marakinoturufila
86,I will eat fruit in the city tomorrow.,fila ma vek notu raki na kano,ma zo notu raki sha kano fila,arnotu raki nim kano fila,notu-ka-ra raki kano-ne fila,marakikanoninoturufila
87,I will eat fruit in the house tomorrow.,fila ma vek notu raki na toto,ma zo notu raki sha toto fila,arnotu raki nim toto fila,notu-ka-ra raki toto-ne fila,marakitotoninoturufila
88,I ate fruit yesterday.,sena ma tun notu raki,ma ki notu raki sena,uknotu raki sena,notu-ka-si raki sena,marakinotusesena
89,I ate fruit in the city yesterday.,sena ma tun notu raki na kano,ma ki notu raki sha kano sena,uknotu raki nim kano sena,notu-ka-si raki kano-ne sena,marakikanoninotusesena
90,I ate fruit in the house yesterday.,sena ma tun notu raki na toto,ma ki notu raki sha toto sena,uknotu raki nim toto sena,notu-ka-si raki toto-ne sena,marakitotoninotusesena
91,I eat the meal.,ma notu dovu,ma notu dovu,menotu dovu,notu-ka dovu,madovunotu
92,I eat the meal in the city.,ma notu dovu na kano,ma notu dovu sha kano,menotu dovu nim kano,notu-ka dovu kano-ne,madovukanoninotu
93,I eat the meal in the house.,ma notu dovu na toto,ma notu dovu sha toto,menotu dovu nim toto,notu-ka dovu toto-ne,madovutotoninotu
94,I will eat the meal tomorrow.,fila ma vek notu dovu,ma zo notu dovu fila,arnotu dovu fila,notu-ka-ra dovu fila,madovunoturufila
95,I will eat the meal in the city tomorrow.,fila ma vek notu dovu na kano,ma zo notu dovu sha kano fila,arnotu dovu nim kano fila,notu-ka-ra dovu kano-ne fila,madovukanoninoturufila
96,I will eat the meal in the house tomorrow.,fila ma vek notu dovu na toto,ma zo notu dovu sha toto fila,arnotu dovu nim toto fila,notu-ka-ra dovu toto-ne fila,madovutotoninoturufila
97,I ate the meal yesterday.,sena ma tun notu dovu,ma ki notu dovu sena,uknotu dovu sena,notu-ka-si dovu sena,madovunotusesena
98,I ate the meal in the city yesterday.,sena ma tun notu dovu na kano,ma ki notu dovu sha kano sena,uknotu dovu nim kano sena,notu-ka-si dovu kano-ne sena,madovukanoninotusesena
99,I ate the meal in the house yesterday.,sena ma tun notu dovu na toto,ma ki notu dovu sha toto sena,uknotu dovu nim toto sena,notu-ka-si dovu toto-ne sena,madovutotoninotusesena
100,I eat the meals.,ma notu dovu nul,ma notu enu dovu,menotu dovuir,notu-ka dovu-min,madovuitnotu
101,I eat the meals in the city.,ma notu dovu nul na kano,ma notu enu dovu sha kano,menotu dovuir nim kano,notu-ka dovu-min kano-ne,madovuitkanoninotu
102,I eat the meals in the house.,ma notu dovu nul na toto,ma notu enu dovu sha toto,menotu dovuir nim toto,notu-ka dovu-min toto-ne,madovuittotoninotu
103,I will eat the meals tomorrow.,fila ma vek notu dovu nul,ma zo notu enu dovu fila,arnotu dovuir fila,notu-ka-ra dovu-min fila,madovuitnoturufila
104,I will eat the meals in the city tomorrow.,fila ma vek notu dovu nul na kano,ma zo notu enu dovu sha kano fila,arnotu dovuir nim kano fila,notu-ka-ra dovu-min kano-ne fila,madovuitkanoninoturufila
105,I will eat the meals in the house tomorrow.,fila ma vek notu dovu nul na toto,ma zo notu enu dovu sha toto fila,arnotu dovuir nim toto fila,notu-ka-ra dovu-min toto-ne fila,madovuittotoninoturufila
106,I ate the meals yesterday.,sena ma tun notu dovu nul,ma ki notu enu dovu sena,uknotu dovuir sena,notu-ka-si dovu-min sena,madovuitnotusesena
107,I ate the meals in the city yesterday.,sena ma tun notu dovu nul na kano,ma ki notu enu dovu sha kano sena,uknotu dovuir nim kano sena,notu-ka-si dovu-min kano-ne sena,madovuitkanoninotusesena
108,I ate the meals in the house yesterday.,sena ma tun notu dovu nul na toto,ma ki notu enu dovu sha toto sena,uknotu dovuir nim toto sena,notu-ka-si dovu-min toto-ne sena,madovuittotoninotusesena
109,You eat food.,ta notu peli,ta notu peli,tinotu peli,notu-tu peli,tapelinotu
110,You eat food in the city.,ta notu peli na kano,ta notu peli sha kano,tinotu peli nim kano,notu-tu peli kano-ne,tapelikanoninotu
111,You eat food in the house.,ta notu peli na toto,ta notu peli sha toto,tinotu peli nim toto,notu-tu peli toto-ne,tapelitotoninotu
112,You will eat food tomorrow.,fila ta vek notu peli,ta zo notu peli fila,elnotu peli fila,notu-tu-ra peli fila,tapelinoturufila
113,You will eat food in the city tomorrow.,fila ta vek notu peli na kano,ta zo notu peli sha kano fila,elnotu peli nim kano fila,notu-tu-ra peli kano-ne fila,tapelikanoninoturufila
114,You will eat food in the house tomorrow.,fila ta vek notu peli na toto,ta zo notu peli sha toto fila,elnotu peli nim toto fila,notu-tu-ra peli toto-ne fila,tapelitotoninoturufila
115,You ate food yesterday.,sena ta tun notu peli,ta ki notu peli sena,otnotu peli sena,notu-tu-si peli sena,tapelinotusesena
116,You ate food in the city yesterday.,sena ta tun notu peli na kano,ta ki notu peli sha kano sena,otnotu peli nim kano sena,notu-tu-si peli kano-ne sena,tapelikanoninotusesena
117,You ate food in the house yesterday.,sena ta tun notu peli na toto,ta ki notu peli sha toto sena,otnotu peli nim toto sena,notu-tu-si peli toto-ne sena,tapelitotoninotusesena
118,You eat bread.,ta notu fenu,ta notu fenu,tinotu fenu,notu-tu fenu,tafenunotu
119,You eat bread in the city.,ta notu fenu na kano,ta notu fenu sha kano,tinotu fenu nim kano,notu-tu fenu kano-ne,tafenukanoninotu
120,You eat bread in the house.,ta notu fenu na toto,ta notu fenu sha toto,tinotu fenu nim toto,notu-tu fenu toto-ne,tafenutotoninotu
121,You will eat bread tomorrow.,fila ta vek notu fenu,ta zo notu fenu fila,elnotu fenu fila,notu-tu-ra fenu fila,tafenunoturufila
122,You will eat bread in the city tomorrow.,fila ta vek notu fenu na kano,ta zo notu fenu sha kano fila,elnotu fenu nim kano fila,notu-tu-ra fenu kano-ne fila,tafenukanoninoturufila
123,You will eat bread in the house tomorrow.,fila ta vek notu fenu na toto,ta zo notu fenu sha toto fila,elnotu fenu nim toto fila,notu-tu-ra fenu toto-ne fila,tafenutotoninoturufila
124,You ate bread yesterday.,sena ta tun notu fenu,ta ki notu fenu sena,otnotu fenu sena,notu-tu-si fenu sena,tafenunotusesena
125,You ate bread in the city yesterday.,sena ta tun notu fenu na kano,ta ki notu fenu sha kano sena,otnotu fenu nim kano sena,notu-tu-si fenu kano-ne sena,tafenukanoninotusesena
126,You ate bread in the house yesterday.,sena ta tun notu fenu na toto,ta ki notu fenu sha toto sena,otnotu fenu nim toto sena,notu-tu-si fenu toto-ne sena,tafenutotoninotusesena
127,You eat fruit.,ta notu raki,ta notu raki,tinotu raki,notu-tu raki,tarakinotu
128,You eat fruit in the city.,ta notu raki na kano,ta notu raki sha kano,tinotu raki nim kano,notu-tu raki kano-ne,tarakikanoninotu
129,You eat fruit in the house.,ta notu raki na toto,ta notu raki sha toto,tinotu raki nim toto,notu-tu raki toto-ne,tarakitotoninotu
130,You will eat fruit tomorrow.,fila ta vek notu raki,ta zo notu raki fila,elnotu raki fila,notu-tu-ra raki fila,tarakinoturufila
131,You will eat fruit in the city tomorrow.,fila ta vek notu raki na kano,ta zo notu raki sha kano fila,elnotu raki nim kano fila,notu-tu-ra raki kano-ne fila,tarakikanoninoturufila
132,You will eat fruit in the house tomorrow.,fila ta vek notu raki na toto,ta zo notu raki sha toto fila,elnotu raki nim toto fila,notu-tu-ra raki toto-ne fila,tarakitotoninoturufila
133,You ate fruit yesterday.,sena ta tun notu raki,ta ki notu raki sena,otnotu raki sena,notu-tu-si raki sena,tarakinotusesena
134,You ate fruit in the city yesterday.,sena ta tun notu raki na kano,ta ki notu raki sha kano sena,otnotu raki nim kano sena,notu-tu-si raki kano-ne sena,tarakikanoninotusesena
135,You ate fruit in the house yesterday.,sena ta tun notu raki na toto,ta ki notu raki sha toto sena,otnotu raki nim toto sena,notu-tu-si raki toto-ne sena,tarakitotoninotusesena
136,You eat the meal.,ta notu dovu,ta notu dovu,tinotu dovu,notu-tu dovu,tadovunotu
137,You eat the meal in the city.,ta notu dovu na kano,ta notu dovu sha kano,tinotu dovu nim kano,notu-tu dovu kano-ne,tadovukanoninotu
138,You eat the meal in the house.,ta notu dovu na toto,ta notu dovu sha toto,tinotu dovu nim toto,notu-tu dovu toto-ne,tadovutotoninotu
139,You will eat the meal tomorrow.,fila ta vek notu dovu,ta zo notu dovu fila,elnotu dovu fila,notu-tu-ra dovu fila,tadovunoturufila
140,You will eat the meal in the city tomorrow.,fila ta vek notu dovu na kano,ta zo notu dovu sha kano fila,elnotu dovu nim kano fila,notu-tu-ra dovu kano-ne fila,tadovukanoninoturufila
141,You will eat the meal in the house tomorrow.,fila ta vek notu dovu na toto,ta zo notu dovu sha toto fila,elnotu dovu nim toto fila,notu-tu-ra dovu toto-ne fila,tadovutotoninoturufila
142,You ate the meal yesterday.,sena ta tun notu dovu,ta ki notu dovu sena,otnotu dovu sena,notu-tu-si dovu sena,tadovunotusesena
143,You ate the meal in the city yesterday.,sena ta tun notu dovu na kano,ta ki notu dovu sha kano sena,otnotu dovu nim kano sena,notu-tu-si dovu kano-ne sena,tadovukanoninotusesena
144,You ate the meal in the house yesterday.,sena ta tun notu dovu na toto,ta ki notu dovu sha toto sena,otnotu dovu nim toto sena,notu-tu-si dovu toto-ne sena,tadovutotoninotusesena
145,You eat the meals.,ta notu dovu nul,ta notu enu dovu,tinotu dovuir,notu-tu dovu-min,tadovuitnotu
146,You eat the meals in the city.,ta notu dovu nul na kano,ta notu enu dovu sha kano,tinotu dovuir nim kano,notu-tu dovu-min kano-ne,tadovuitkanoninotu
147,You eat the meals in the house.,ta notu dovu nul na toto,ta notu enu dovu sha toto,tinotu dovuir nim toto,notu-tu dovu-min toto-ne,tadovuittotoninotu
148,You will eat the meals tomorrow.,fila ta vek notu dovu nul,ta zo notu enu dovu fila,elnotu dovuir fila,notu-tu-ra dovu-min fila,tadovuitnoturufila
149,You will eat the meals in the city tomorrow.,fila ta vek notu dovu nul na kano,ta zo notu enu dovu sha kano fila,elnotu dovuir nim kano fila,notu-tu-ra dovu-min kano-ne fila,tadovuitkanoninoturufila
150,You will eat the meals in the house tomorrow.,fila ta vek notu dovu nul na toto,ta zo notu enu dovu sha toto fila,elnotu dovuir nim toto fila,notu-tu-ra dovu-min toto-ne fila,tadovuittotoninoturufila
151,You ate the meals yesterday.,sena ta tun notu dovu nul,ta ki notu enu dovu sena,otnotu dovuir sena,notu-tu-si dovu-min sena,tadovuitnotusesena
152,You ate the meals in the city yesterday.,sena ta tun notu dovu nul na kano,ta ki notu enu dovu sha kano sena,otnotu dovuir nim kano sena,notu-tu-si dovu-min kano-ne sena,tadovuitkanoninotusesena
153,You ate the meals in the house yesterday.,sena ta tun notu dovu nul na toto,ta ki notu enu dovu sha toto sena,otnotu dovuir nim toto sena,notu-tu-si dovu-min toto-ne sena,tadovuittotoninotusesena
154,He eats food.,lo notu peli,lo notu peli,nanotu peli,notu-li peli,lopelinotu
155,He eats food in the city.,lo notu peli na kano,lo notu peli sha kano,nanotu peli nim kano,notu-li peli kano-ne,lopelikanoninotu
156,He eats food in the house.,lo notu peli na toto,lo notu peli sha toto,nanotu peli nim toto,notu-li peli toto-ne,lopelitotoninotu
157,He will eat food tomorrow.,fila lo vek notu peli,lo zo notu peli fila,ornotu peli fila,notu-li-ra peli fila,lopelinoturufila
158,He will eat food in the city tomorrow.,fila lo vek notu peli na kano,lo zo notu peli sha kano fila,ornotu peli nim kano fila,notu-li-ra peli kano-ne fila,lopelikanoninoturufila
159,He will eat food in the house tomorrow.,fila lo vek notu peli na toto,lo zo notu peli sha toto fila,ornotu peli nim toto fila,notu-li-ra peli toto-ne fila,lopelitotoninoturufila
160,He ate food yesterday.,sena lo tun notu peli,lo ki notu peli sena,evnotu peli sena,notu-li-si peli sena,lopelinotusesena
161,He ate food in the city yesterday.,sena lo tun notu peli na kano,lo ki notu peli sha kano sena,evnotu peli nim kano sena,notu-li-si peli kano-ne sena,lopelikanoninotusesena
162,He ate food in the house yesterday.,sena lo tun notu peli na toto,lo ki notu peli sha toto sena,evnotu peli nim toto sena,notu-li-si peli toto-ne sena,lopelitotoninotusesena
163,He eats bread.,lo notu fenu,lo notu fenu,nanotu fenu,notu-li fenu,lofenunotu
164,He eats bread in the city.,lo notu fenu na kano,lo notu fenu sha kano,nanotu fenu nim kano,notu-li fenu kano-ne,lofenukanoninotu
165,He eats bread in the house.,lo notu fenu na toto,lo notu fenu sha toto,nanotu fenu nim toto,notu-li fenu toto-ne,lofenutotoninotu
166,He will eat bread tomorrow.,fila lo vek notu fenu,lo zo notu fenu fila,ornotu fenu fila,notu-li-ra fenu fila,lofenunoturufila
167,He will eat bread in the city tomorrow.,fila lo vek notu fenu na kano,lo zo notu fenu sha kano fila,ornotu fenu nim kano fila,notu-li-ra fenu kano-ne fila,lofenukanoninoturufila
168,He will eat bread in the house tomorrow.,fila lo vek notu fenu na toto,lo zo notu fenu sha toto fila,ornotu fenu nim toto fila,notu-li-ra fenu toto-ne fila,lofenutotoninoturufila
169,He ate bread yesterday.,sena lo tun notu fenu,lo ki notu fenu sena,evnotu fenu sena,notu-li-si fenu sena,lofenunotusesena
170,He ate bread in the city yesterday.,sena lo tun notu fenu na kano,lo ki notu fenu sha kano sena,evnotu fenu nim kano sena,notu-li-si fenu kano-ne sena,lofenukanoninotusesena
171,He ate bread in the house yesterday.,sena lo tun notu fenu na toto,lo ki notu fenu sha toto sena,evnotu fenu nim toto sena,notu-li-si fenu toto-ne sena,lofenutotoninotusesena
172,He eats fruit.,lo notu raki,lo notu raki,nanotu raki,notu-li raki,lorakinotu
173,He eats fruit in the city.,lo notu raki na kano,lo notu raki sha kano,nanotu raki nim kano,notu-li raki kano-ne,lorakikanoninotu
174,He eats fruit in the house.,lo notu raki na toto,lo notu raki sha toto,nanotu raki nim toto,notu-li raki toto-ne,lorakitotoninotu
175,He will eat fruit tomorrow.,fila lo vek notu raki,lo zo notu raki fila,ornotu raki fila,notu-li-ra raki fila,lorakinoturufila
176,He will eat fruit in the city tomorrow.,fila lo vek notu raki na kano,lo zo notu raki sha kano fila,ornotu raki nim kano fila,notu-li-ra raki kano-ne fila,lorakikanoninoturufila
177,He will eat fruit in the house tomorrow.,fila lo vek notu raki na toto,lo zo notu raki sha toto fila,ornotu raki nim toto fila,notu-li-ra raki toto-ne fila,lorakitotoninoturufila
178,He ate fruit yesterday.,sena lo tun notu raki,lo ki notu raki sena,evnotu raki sena,notu-li-si raki sena,lorakinotusesena
179,He ate fruit in the city yesterday.,sena lo tun notu raki na kano,lo ki notu raki sha kano sena,evnotu raki nim kano sena,notu-li-si raki kano-ne sena,lorakikanoninotusesena
180,He ate fruit in the house yesterday.,sena lo tun notu raki na toto,lo ki notu raki sha toto sena,evnotu raki nim toto sena,notu-li-si raki toto-ne sena,lorakitotoninotusesena
181,He eats the meal.,lo notu dovu,lo notu dovu,nanotu dovu,notu-li dovu,lodovunotu
182,He eats the meal in the city.,lo notu dovu na kano,lo notu dovu sha kano,nanotu dovu nim kano,notu-li dovu kano-ne,lodovukanoninotu
183,He eats the meal in the house.,lo notu dovu na toto,lo notu dovu sha toto,nanotu dovu nim toto,notu-li dovu toto-ne,lodovutotoninotu
184,He will eat the meal tomorrow.,fila lo vek notu dovu,lo zo notu dovu fila,ornotu dovu fila,notu-li-ra dovu fila,lodovunoturufila
185,He will eat the meal in the city tomorrow.,fila lo vek notu dovu na kano,lo zo notu dovu sha kano fila,ornotu dovu nim kano fila,notu-li-ra dovu kano-ne fila,lodovukanoninoturufila
186,He will eat the meal in the house tomorrow.,fila lo vek notu dovu na toto,lo zo notu dovu sha toto fila,ornotu dovu nim toto fila,notu-li-ra dovu toto-ne fila,lodovutotoninoturufila
187,He ate the meal yesterday.,sena lo tun notu dovu,lo ki notu dovu sena,evnotu dovu sena,notu-li-si dovu sena,lodovunotusesena
188,He ate the meal in the city yesterday.,sena lo tun notu dovu na kano,lo ki notu dovu sha kano sena,evnotu dovu nim kano sena,notu-li-si dovu kano-ne sena,lodovukanoninotusesena
189,He ate the meal in the house yesterday.,sena lo tun notu dovu na toto,lo ki notu dovu sha toto sena,evnotu dovu nim toto sena,notu-li-si dovu toto-ne sena,lodovutotoninotusesena
190,He eats the meals.,lo notu dovu nul,lo notu enu dovu,nanotu dovuir,notu-li dovu-min,lodovuitnotu
191,He eats the meals in the city.,lo notu dovu nul na kano,lo notu enu dovu sha kano,nanotu dovuir nim kano,notu-li dovu-min kano-ne,lodovuitkanoninotu
192,He eats the meals in the house.,lo notu dovu nul na toto,lo notu enu dovu sha toto,nanotu dovuir nim toto,notu-li dovu-min toto-ne,lodovuittotoninotu
193,He will eat the meals tomorrow.,fila lo vek notu dovu nul,lo zo notu enu dovu fila,ornotu dovuir fila,notu-li-ra dovu-min fila,lodovuitnoturufila
194,He will eat the meals in the city tomorrow.,fila lo vek notu dovu nul na kano,lo zo notu enu dovu sha kano fila,ornotu dovuir nim kano fila,notu-li-ra dovu-min kano-ne fila,lodovuitkanoninoturufila
195,He will eat the meals in the house tomorrow.,fila lo vek notu dovu nul na toto,lo zo notu enu dovu sha toto fila,ornotu dovuir nim toto fila,notu-li-ra dovu-min toto-ne fila,lodovuittotoninoturufila
196,He ate the meals yesterday.,sena lo tun notu dovu nul,lo ki notu enu dovu sena,evnotu dovuir sena,notu-li-si dovu-min sena,lodovuitnotusesena
197,He ate the meals in the city yesterday.,sena lo tun notu dovu nul na kano,lo ki notu enu dovu sha kano sena,evnotu dovuir nim kano sena,notu-li-si dovu-min kano-ne sena,lodovuitkanoninotusesena
198,He ate the meals in the house yesterday.,sena lo tun notu dovu nul na toto,lo ki notu enu dovu sha toto sena,evnotu dovuir nim toto sena,notu-li-si dovu-min toto-ne sena,lodovuittotoninotusesena
199,I see the house.,ma luma toto,ma luma toto,meluma toto,luma-ka toto,matotoluma
200,I will see the house tomorrow.,fila ma vek luma toto,ma zo luma toto fila,arluma toto fila,luma-ka-ra toto fila,matotolumarufila
201,I saw the house yesterday.,sena ma tun luma toto,ma ki luma toto sena,ukluma toto sena,luma-ka-si toto sena,matotolumasesena
202,I see the houses.,ma luma toto nul,ma luma enu toto,meluma totoum,luma-ka toto-min,matotoitluma
203,I will see the houses tomorrow.,fila ma vek luma toto nul,ma zo luma enu toto fila,arluma totoum fila,luma-ka-ra toto-min fila,matotoitlumarufila
204,I saw the houses yesterday.,sena ma tun luma toto nul,ma ki luma enu toto sena,ukluma totoum sena,luma-ka-si toto-min sena,matotoitlumasesena
205,I see the house in the city.,ma luma toto na kano,ma luma toto sha kano,meluma toto nim kano,luma-ka toto kano-ne,matotokanoniluma
206,I will see the house in the city tomorrow.,fila ma vek luma toto na kano,ma zo luma toto sha kano fila,arluma toto nim kano fila,luma-ka-ra toto kano-ne fila,matotokanonilumarufila
207,I saw the house in the city yesterday.,sena ma tun luma toto na kano,ma ki luma toto sha kano sena,ukluma toto nim kano sena,luma-ka-si toto kano-ne sena,matotokanonilumasesena
208,I see the city.,ma luma kano,ma luma kano,meluma kano,luma-ka kano,makanoluma
209,I will see the city tomorrow.,fila ma vek luma kano,ma zo luma kano fila,arluma kano fila,luma-ka-ra kano fila,makanolumarufila
210,I saw the city yesterday.,sena ma tun luma kano,ma ki luma kano sena,ukluma kano sena,luma-ka-si kano sena,makanolumasesena
211,I see the cities.,ma luma kano nul,ma luma enu kano,meluma kanoesh,luma-ka kano-min,makanoitluma
212,I will see the cities tomorrow.,fila ma vek luma kano nul,ma zo luma enu kano fila,arluma kanoesh fila,luma-ka-ra kano-min fila,makanoitlumarufila
213,I saw the cities yesterday.,sena ma tun luma kano nul,ma ki luma enu kano sena,ukluma kanoesh sena,luma-ka-si kano-min sena,makanoitlumasesena
214,I see the city in the house.,ma luma kano na toto,ma luma kano sha toto,meluma kano nim toto,luma-ka kano toto-ne,makanototoniluma
215,I will see the city in the house tomorrow.,fila ma vek luma kano na toto,ma zo luma kano sha toto fila,arluma kano nim toto fila,luma-ka-ra kano toto-ne fila,makanototonilumarufila
216,I saw the city in the house yesterday.,sena ma tun luma kano na toto,ma ki luma kano sha toto sena,ukluma kano nim toto sena,luma-ka-si kano toto-ne sena,makanototonilumasesena
217,I see the person.,ma luma mira,ma luma mira,meluma mira,luma-ka mira,mamiraluma
218,I will see the person tomorrow.,fila ma vek luma mira,ma zo luma mira fila,arluma mira fila,luma-ka-ra mira fila,mamiralumarufila
219,I saw the person yesterday.,sena ma tun luma mira,ma ki luma mira sena,ukluma mira sena,luma-ka-si mira sena,mamiralumasesena
220,I see the people.,ma luma mira nul,ma luma enu mira,meluma miraai,luma-ka mira-min,mamiraitluma
221,I will see the people tomorrow.,fila ma vek luma mira nul,ma zo luma enu mira fila,arluma miraai fila,luma-ka-ra mira-min fila,mamiraitlumarufila
222,I saw the people yesterday.,sena ma tun luma mira nul,ma ki luma enu mira sena,ukluma miraai sena,luma-ka-si mira-min sena,mamiraitlumasesena
223,I see the person in the city.,ma luma mira na kano,ma luma mira sha kano,meluma mira nim kano,luma-ka mira kano-ne,mamirakanoniluma
224,I will see the person in the city tomorrow.,fila ma vek luma mira na kano,ma zo luma mira sha kano fila,arluma mira nim kano fila,luma-ka-ra mira kano-ne fila,mamirakanonilumarufila
225,I saw the person in the city yesterday.,sena ma tun luma mira na kano,ma ki luma mira sha kano sena,ukluma mira nim kano sena,luma-ka-si mira kano-ne sena,mamirakanonilumasesena
226,I see the person in the house.,ma luma mira na toto,ma luma mira sha toto,meluma mira nim toto,luma-ka mira toto-ne,mamiratotoniluma
227,I will see the person in the house tomorrow.,fila ma vek luma mira na toto,ma zo luma mira sha toto fila,arluma mira nim toto fila,luma-ka-ra mira toto-ne fila,mamiratotonilumarufila
228,I saw the person in the house yesterday.,sena ma tun luma mira na toto,ma ki luma mira sha toto sena,ukluma mira nim toto sena,luma-ka-si mira toto-ne sena,mamiratotonilumasesena
229,I see the people in the city.,ma luma mira nul na kano,ma luma enu mira sha kano,meluma miraai nim kano,luma-ka mira-min kano-ne,mamiraitkanoniluma
230,I will see the people in the city tomorrow.,fila ma vek luma mira nul na kano,ma zo luma enu mira sha kano fila,arluma miraai nim kano fila,luma-ka-ra mira-min kano-ne fila,mamiraitkanonilumarufila
231,I saw the people in the city yesterday.,sena ma tun luma mira nul na kano,ma ki luma enu mira sha kano sena,ukluma miraai nim kano sena,luma-ka-si mira-min kano-ne sena,mamiraitkanonilumasesena
232,I see the people in the house.,ma luma mira nul na toto,ma luma enu mira sha toto,meluma miraai nim toto,luma-ka mira-min toto-ne,mamiraittotoniluma
233,I will see the people in the house tomorrow.,fila ma vek luma mira nul na toto,ma zo luma enu mira sha toto fila,arluma miraai nim toto fila,luma-ka-ra mira-min toto-ne fila,mamiraittotonilumarufila
234,I saw the people in the house yesterday.,sena ma tun luma mira nul na toto,ma ki luma enu mira sha toto sena,ukluma miraai nim toto sena,luma-ka-si mira-min toto-ne sena,mamiraittotonilumasesena
235,I see the tree.,ma luma saki,ma luma saki,meluma saki,luma-ka saki,masakiluma
236,I will see the tree tomorrow.,fila ma vek luma saki,ma zo luma saki fila,arluma saki fila,luma-ka-ra saki fila,masakilumarufila
237,I saw the tree yesterday.,sena ma tun luma saki,ma ki luma saki sena,ukluma saki sena,luma-ka-si saki sena,masakilumasesena
238,I see the trees.,ma luma saki nul,ma luma enu saki,meluma sakiok,luma-ka saki-min,masakiitluma
239,I will see the trees tomorrow.,fila ma vek luma saki nul,ma zo luma enu saki fila,arluma sakiok fila,luma-ka-ra saki-min fila,masakiitlumarufila
240,I saw the trees yesterday.,sena ma tun luma saki nul,ma ki luma enu saki sena,ukluma sakiok sena,luma-ka-si saki-min sena,masakiitlumasesena
241,I see the tree in the city.,ma luma saki na kano,ma luma saki sha kano,meluma saki nim kano,luma-ka saki kano-ne,masakikanoniluma
242,I will see the tree in the city tomorrow.,fila ma vek luma saki na kano,ma zo luma saki sha kano fila,arluma saki nim kano fila,luma-ka-ra saki kano-ne fila,masakikanonilumarufila
243,I saw the tree in the city yesterday.,sena ma tun luma saki na kano,ma ki luma saki sha kano sena,ukluma saki nim kano sena,luma-ka-si saki kano-ne sena,masakikanonilumasesena
244,I see the tree in the house.,ma luma saki na toto,ma luma saki sha toto,meluma saki nim toto,luma-ka saki toto-ne,masakitotoniluma
245,I will see the tree in the house tomorrow.,fila ma vek luma saki na toto,ma zo luma saki sha toto fila,arluma saki nim toto fila,luma-ka-ra saki toto-ne fila,masakitotonilumarufila
246,I saw the tree in the house yesterday.,sena ma tun luma saki na toto,ma ki luma saki sha toto sena,ukluma saki nim toto sena,luma-ka-si saki toto-ne sena,masakitotonilumasesena
247,I see the trees in the city.,ma luma saki nul na kano,ma luma enu saki sha kano,meluma sakiok nim kano,luma-ka saki-min kano-ne,masakiitkanoniluma
248,I will see the trees in the city tomorrow.,fila ma vek luma saki nul na kano,ma zo luma enu saki sha kano fila,arluma sakiok nim kano fila,luma-ka-ra saki-min kano-ne fila,masakiitkanonilumarufila
249,I saw the trees in the city yesterday.,sena ma tun luma saki nul na kano,ma ki luma enu saki sha kano sena,ukluma sakiok nim kano sena,luma-ka-si saki-min kano-ne sena,masakiitkanonilumasesena
250,I see the trees in the house.,ma luma saki nul na toto,ma luma enu saki sha toto,meluma sakiok nim toto,luma-ka saki-min toto-ne,masakiittotoniluma
251,I will see the trees in the house tomorrow.,fila ma vek luma saki nul na toto,ma zo luma enu saki sha toto fila,arluma sakiok nim toto fila,luma-ka-ra saki-min toto-ne fila,masakiittotonilumarufila
252,I saw the trees in the house yesterday.,sena ma tun luma saki nul na toto,ma ki luma enu saki sha toto sena,ukluma sakiok nim toto sena,luma-ka-si saki-min toto-ne sena,masakiittotonilumasesena
253,You see the house.,ta luma toto,ta luma toto,tiluma toto,luma-tu toto,tatotoluma
254,You will see the house tomorrow.,fila ta vek luma toto,ta zo luma toto fila,elluma toto fila,luma-tu-ra toto fila,tatotolumarufila
255,You saw the house yesterday.,sena ta tun luma toto,ta ki luma toto sena,otluma toto sena,luma-tu-si toto sena,tatotolumasesena
256,You see the houses.,ta luma toto nul,ta luma enu toto,tiluma totoum,luma-tu toto-min,tatotoitluma
257,You will see the houses tomorrow.,fila ta vek luma toto nul,ta zo luma enu toto fila,elluma totoum fila,luma-tu-ra toto-min fila,tatotoitlumarufila
258,You saw the houses yesterday.,sena ta tun luma toto nul,ta ki luma enu toto sena,otluma totoum sena,luma-tu-si toto-min sena,tatotoitlumasesena
259,You see the house in the city.,ta luma toto na kano,ta luma toto sha kano,tiluma toto nim kano,luma-tu toto kano-ne,tatotokanoniluma
260,You will see the house in the city tomorrow.,fila ta vek luma toto na kano,ta zo luma toto sha kano fila,elluma toto nim kano fila,luma-tu-ra toto kano-ne fila,tatotokanonilumarufila
261,You saw the house in the city yesterday.,sena ta tun luma toto na kano,ta ki luma toto sha kano sena,otluma toto nim kano sena,luma-tu-si toto kano-ne sena,tatotokanonilumasesena
262,You see the city.,ta luma kano,ta luma kano,tiluma kano,luma-tu kano,takanoluma
263,You will see the city tomorrow.,fila ta vek luma kano,ta zo luma kano fila,elluma kano fila,luma-tu-ra kano fila,takanolumarufila
264,You saw the city yesterday.,sena ta tun luma kano,ta ki luma kano sena,otluma kano sena,luma-tu-si kano sena,takanolumasesena
265,You see the cities.,ta luma kano nul,ta luma enu kano,tiluma kanoesh,luma-tu kano-min,takanoitluma
266,You will see the cities tomorrow.,fila ta vek luma kano nul,ta zo luma enu kano fila,elluma kanoesh fila,luma-tu-ra kano-min fila,takanoitlumarufila
267,You saw the cities yesterday.,sena ta tun luma kano nul,ta ki luma enu kano sena,otluma kanoesh sena,luma-tu-si kano-min sena,takanoitlumasesena
268,You see the city in the house.,ta luma kano na toto,ta luma kano sha toto,tiluma kano nim toto,luma-tu kano toto-ne,takanototoniluma
269,You will see the city in the house tomorrow.,fila ta vek luma kano na toto,ta zo luma kano sha toto fila,elluma kano nim toto fila,luma-tu-ra kano toto-ne fila,takanototonilumarufila
270,You saw the city in the house yesterday.,sena ta tun luma kano na toto,ta ki luma kano sha toto sena,otluma kano nim toto sena,luma-tu-si kano toto-ne sena,takanototonilumasesena
271,You see the person.,ta luma mira,ta luma mira,tiluma mira,luma-tu mira,tamiraluma
272,You will see the person tomorrow.,fila ta vek luma mira,ta zo luma mira fila,elluma mira fila,luma-tu-ra mira fila,tamiralumarufila
273,You saw the person yesterday.,sena ta tun luma mira,ta ki luma mira sena,otluma mira sena,luma-tu-si mira sena,tamiralumasesena
274,You see the people.,ta luma mira nul,ta luma enu mira,tiluma miraai,luma-tu mira-min,tamiraitluma
275,You will see the people tomorrow.,fila ta vek luma mira nul,ta zo luma enu mira fila,elluma miraai fila,luma-tu-ra mira-min fila,tamiraitlumarufila
276,You saw the people yesterday.,sena ta tun luma mira nul,ta ki luma enu mira sena,otluma miraai sena,luma-tu-si mira-min sena,tamiraitlumasesena
277,You see the person in the city.,ta luma mira na kano,ta luma mira sha kano,tiluma mira nim kano,luma-tu mira kano-ne,tamirakanoniluma
278,You will see the person in the city tomorrow.,fila ta vek luma mira na kano,ta zo luma mira sha kano fila,elluma mira nim kano fila,luma-tu-ra mira kano-ne fila,tamirakanonilumarufila
279,You saw the person in the city yesterday.,sena ta tun luma mira na kano,ta ki luma mira sha kano sena,otluma mira nim kano sena,luma-tu-si mira kano-ne sena,tamirakanonilumasesena
280,You see the person in the house.,ta luma mira na toto,ta luma mira sha toto,tiluma mira nim toto,luma-tu mira toto-ne,tamiratotoniluma
281,You will see the person in the house tomorrow.,fila ta vek luma mira na toto,ta zo luma mira sha toto fila,elluma mira nim toto fila,luma-tu-ra mira toto-ne fila,tamiratotonilumarufila
282,You saw the person in the house yesterday.,sena ta tun luma mira na toto,ta ki luma mira sha toto sena,otluma mira nim toto sena,luma-tu-si mira toto-ne sena,tamiratotonilumasesena
283,You see the people in the city.,ta luma mira nul na kano,ta luma enu mira sha kano,tiluma miraai nim kano,luma-tu mira-min kano-ne,tamiraitkanoniluma
284,You will see the people in the city tomorrow.,fila ta vek luma mira nul na kano,ta zo luma enu mira sha kano fila,elluma miraai nim kano fila,luma-tu-ra mira-min kano-ne fila,tamiraitkanonilumarufila
285,You saw the people in the city yesterday.,sena ta tun luma mira nul na kano,ta ki luma enu mira sha kano sena,otluma miraai nim kano sena,luma-tu-si mira-min kano-ne sena,tamiraitkanonilumasesena
286,You see the people in the house.,ta luma mira nul na toto,ta luma enu mira sha toto,tiluma miraai nim toto,luma-tu mira-min toto-ne,tamiraittotoniluma
287,You will see the people in the house tomorrow.,fila ta vek luma mira nul na toto,ta zo luma enu mira sha toto fila,elluma miraai nim toto fila,luma-tu-ra mira-min toto-ne fila,tamiraittotonilumarufila
288,You saw the people in the house yesterday.,sena ta tun luma mira nul na toto,ta ki luma enu mira sha toto sena,otluma miraai nim toto sena,luma-tu-si mira-min toto-ne sena,tamiraittotonilumasesena
289,You see the tree.,ta luma saki,ta luma saki,tiluma saki,luma-tu saki,tasakiluma
290,You will see the tree tomorrow.,fila ta vek luma saki,ta zo luma saki fila,elluma saki fila,luma-tu-ra saki fila,tasakilumarufila
291,You saw the tree yesterday.,sena ta tun luma saki,ta ki luma saki sena,otluma saki sena,luma-tu-si saki sena,tasakilumasesena
292,You see the trees.,ta luma saki nul,ta luma enu saki,tiluma sakiok,luma-tu saki-min,tasakiitluma
293,You will see the trees tomorrow.,fila ta vek luma saki nul,ta zo luma enu saki fila,elluma sakiok fila,luma-tu-ra saki-min fila,tasakiitlumarufila
294,You saw the trees yesterday.,sena ta tun luma saki nul,ta ki luma enu saki sena,otluma sakiok sena,luma-tu-si saki-min sena,tasakiitlumasesena
295,You see the tree in the city.,ta luma saki na kano,ta luma saki sha kano,tiluma saki nim kano,luma-tu saki kano-ne,tasakikanoniluma
296,You will see the tree in the city tomorrow.,fila ta vek luma saki na kano,ta zo luma saki sha kano fila,elluma saki nim kano fila,luma-tu-ra saki kano-ne fila,tasakikanonilumarufila
297,You saw the tree in the city yesterday.,sena ta tun luma saki na kano,ta ki luma saki sha kano sena,otluma saki nim kano sena,luma-tu-si saki kano-ne sena,tasakikanonilumasesena
298,You see the tree in the house.,ta luma saki na toto,ta luma saki sha toto,tiluma saki nim toto,luma-tu saki toto-ne,tasakitotoniluma
299,You will see the tree in the house tomorrow.,fila ta vek luma saki na toto,ta zo luma saki sha toto fila,elluma saki nim toto fila,luma-tu-ra saki toto-ne fila,tasakitotonilumarufila
300,You saw the tree in the house yesterday.,sena ta tun luma saki na toto,ta ki luma saki sha toto sena,otluma saki nim toto sena,luma-tu-si saki toto-ne sena,tasakitotonilumasesena
301,You see the trees in the city.,ta luma saki nul na kano,ta luma enu saki sha kano,tiluma sakiok nim kano,luma-tu saki-min kano-ne,tasakiitkanoniluma
302,You will see the trees in the city tomorrow.,fila ta vek luma saki nul na kano,ta zo luma enu saki sha kano fila,elluma sakiok nim kano fila,luma-tu-ra saki-min kano-ne fila,tasakiitkanonilumarufila
303,You saw the trees in the city yesterday.,sena ta tun luma saki nul na kano,ta ki luma enu saki sha kano sena,otluma sakiok nim kano sena,luma-tu-si saki-min kano-ne sena,tasakiitkanonilumasesena
304,You see the trees in the house.,ta luma saki nul na toto,ta luma enu saki sha toto,tiluma sakiok nim toto,luma-tu saki-min toto-ne,tasakiittotoniluma
305,You will see the trees in the house tomorrow.,fila ta vek luma saki nul na toto,ta zo luma enu saki sha toto fila,elluma sakiok nim toto fila,luma-tu-ra saki-min toto-ne fila,tasakiittotonilumarufila
306,You saw the trees in the house yesterday.,sena ta tun luma saki nul na toto,ta ki luma enu saki sha toto sena,otluma sakiok nim toto sena,luma-tu-si saki-min toto-ne sena,tasakiittotonilumasesena
307,He sees the house.,lo luma toto,lo luma toto,naluma toto,luma-li toto,lototoluma
308,He will see the house tomorrow.,fila lo vek luma toto,lo zo luma toto fila,orluma toto fila,luma-li-ra toto fila,lototolumarufila
309,He saw the house yesterday.,sena lo tun luma toto,lo ki luma toto sena,evluma toto sena,luma-li-si toto sena,lototolumasesena
310,He sees the houses.,lo luma toto nul,lo luma enu toto,naluma totoum,luma-li toto-min,lototoitluma
311,He will see the houses tomorrow.,fila lo vek luma toto nul,lo zo luma enu toto fila,orluma totoum fila,luma-li-ra toto-min fila,lototoitlumarufila
312,He saw the houses yesterday.,sena lo tun luma toto nul,lo ki luma enu toto sena,evluma totoum sena,luma-li-si toto-min sena,lototoitlumasesena
313,He sees the house in the city.,lo luma toto na kano,lo luma toto sha kano,naluma toto nim kano,luma-li toto kano-ne,lototokanoniluma
314,He will see the house in the city tomorrow.,fila lo vek luma toto na kano,lo zo luma toto sha kano fila,orluma toto nim kano fila,luma-li-ra toto kano-ne fila,lototokanonilumarufila
315,He saw the house in the city yesterday.,sena lo tun luma toto na kano,lo ki luma toto sha kano sena,evluma toto nim kano sena,luma-li-si toto kano-ne sena,lototokanonilumasesena
316,He sees the city.,lo luma kano,lo luma kano,naluma kano,luma-li kano,lokanoluma
317,He will see the city tomorrow.,fila lo vek luma kano,lo zo luma kano fila,orluma kano fila,luma-li-ra kano fila,lokanolumarufila
318,He saw the city yesterday.,sena lo tun luma kano,lo ki luma kano sena,evluma kano sena,luma-li-si kano sena,lokanolumasesena
319,He sees the cities.,lo luma kano nul,lo luma enu kano,naluma kanoesh,luma-li kano-min,lokanoitluma
320,He will see the cities tomorrow.,fila lo vek luma kano nul,lo zo luma enu kano fila,orluma kanoesh fila,luma-li-ra kano-min fila,lokanoitlumarufila
321,He saw the cities yesterday.,sena lo tun luma kano nul,lo ki luma enu kano sena,evluma kanoesh sena,luma-li-si kano-min sena,lokanoitlumasesena
322,He sees the city in the house.,lo luma kano na toto,lo luma kano sha toto,naluma kano nim toto,luma-li kano toto-ne,lokanototoniluma
323,He will see the city in the house tomorrow.,fila lo vek luma kano na toto,lo zo luma kano sha toto fila,orluma kano nim toto fila,luma-li-ra kano toto-ne fila,lokanototonilumarufila
324,He saw the city in the house yesterday.,sena lo tun luma kano na toto,lo ki luma kano sha toto sena,evluma kano nim toto sena,luma-li-si kano toto-ne sena,lokanototonilumasesena
325,He sees the person.,lo luma mira,lo luma mira,naluma mira,luma-li mira,lomiraluma
326,He will see the person tomorrow.,fila lo vek luma mira,lo zo luma mira fila,orluma mira fila,luma-li-ra mira fila,lomiralumarufila
327,He saw the person yesterday.,sena lo tun luma mira,lo ki luma mira sena,evluma mira sena,luma-li-si mira sena,lomiralumasesena
328,He sees the people.,lo luma mira nul,lo luma enu mira,naluma miraai,luma-li mira-min,lomiraitluma
329,He will see the people tomorrow.,fila lo vek luma mira nul,lo zo luma enu mira fila,orluma miraai fila,luma-li-ra mira-min fila,lomiraitlumarufila
330,He saw the people yesterday.,sena lo tun luma mira nul,lo ki luma enu mira sena,evluma miraai sena,luma-li-si mira-min sena,lomiraitlumasesena
331,He sees the person in the city.,lo luma mira na kano,lo luma mira sha kano,naluma mira nim kano,luma-li mira kano-ne,lomirakanoniluma
332,He will see the person in the city tomorrow.,fila lo vek luma mira na kano,lo zo luma mira sha kano fila,orluma mira nim kano fila,luma-li-ra mira kano-ne fila,lomirakanonilumarufila
333,He saw the person in the city yesterday.,sena lo tun luma mira na kano,lo ki luma mira sha kano sena,evluma mira nim kano sena,luma-li-si mira kano-ne sena,lomirakanonilumasesena
334,He sees the person in the house.,lo luma mira na toto,lo luma mira sha toto,naluma mira nim toto,luma-li mira toto-ne,lomiratotoniluma
335,He will see the person in the house tomorrow.,fila lo vek luma mira na toto,lo zo luma mira sha toto fila,orluma mira nim toto fila,luma-li-ra mira toto-ne fila,lomiratotonilumarufila
336,He saw the person in the house yesterday.,sena lo tun luma mira na toto,lo ki luma mira sha toto sena,evluma mira nim toto sena,luma-li-si mira toto-ne sena,lomiratotonilumasesena
337,He sees the people in the city.,lo luma mira nul na kano,lo luma enu mira sha kano,naluma miraai nim kano,luma-li mira-min kano-ne,lomiraitkanoniluma
338,He will see the people in the city tomorrow.,fila lo vek luma mira nul na kano,lo zo luma enu mira sha kano fila,orluma miraai nim kano fila,luma-li-ra mira-min kano-ne fila,lomiraitkanonilumarufila
339,He saw the people in the city yesterday.,sena lo tun luma mira nul na kano,lo ki luma enu mira sha kano sena,evluma miraai nim kano sena,luma-li-si mira-min kano-ne sena,lomiraitkanonilumasesena
340,He sees the people in the house.,lo luma mira nul na toto,lo luma enu mira sha toto,naluma miraai nim toto,luma-li mira-min toto-ne,lomiraittotoniluma
341,He will see the people in the house tomorrow.,fila lo vek luma mira nul na toto,lo zo luma enu mira sha toto fila,orluma miraai nim toto fila,luma-li-ra mira-min toto-ne fila,lomiraittotonilumarufila
342,He saw the people in the house yesterday.,sena lo tun luma mira nul na toto,lo ki luma enu mira sha toto sena,evluma miraai nim toto sena,luma-li-si mira-min toto-ne sena,lomiraittotonilumasesena
343,He sees the tree.,lo luma saki,lo luma saki,naluma saki,luma-li saki,losakiluma
344,He will see the tree tomorrow.,fila lo vek luma saki,lo zo luma saki fila,orluma saki fila,luma-li-ra saki fila,losakilumarufila
345,He saw the tree yesterday.,sena lo tun luma saki,lo ki luma saki sena,evluma saki sena,luma-li-si saki sena,losakilumasesena
346,He sees the trees.,lo luma saki nul,lo luma enu saki,naluma sakiok,luma-li saki-min,losakiitluma
347,He will see the trees tomorrow.,fila lo vek luma saki nul,lo zo luma enu saki fila,orluma sakiok fila,luma-li-ra saki-min fila,losakiitlumarufila
348,He saw the trees yesterday.,sena lo tun luma saki nul,lo ki luma enu saki sena,evluma sakiok sena,luma-li-si saki-min sena,losakiitlumasesena
349,He sees the tree in the city.,lo luma saki na kano,lo luma saki sha kano,naluma saki nim kano,luma-li saki kano-ne,losakikanoniluma
350,He will see the tree in the city tomorrow.,fila lo vek luma saki na kano,lo zo luma saki sha kano fila,orluma saki nim kano fila,luma-li-ra saki kano-ne fila,losakikanonilumarufila
351,He saw the tree in the city yesterday.,sena lo tun luma saki na kano,lo ki luma saki sha kano sena,evluma saki nim kano sena,luma-li-si saki kano-ne sena,losakikanonilumasesena
352,He sees the tree in the house.,lo luma saki na toto,lo luma saki sha toto,naluma saki nim toto,luma-li saki toto-ne,losakitotoniluma
353,He will see the tree in the house tomorrow.,fila lo vek luma saki na toto,lo zo luma saki sha toto fila,orluma saki nim toto fila,luma-li-ra saki toto-ne fila,losakitotonilumarufila
354,He saw the tree in the house yesterday.,sena lo tun luma saki na toto,lo ki luma saki sha toto sena,evluma saki nim toto sena,luma-li-si saki toto-ne sena,losakitotonilumasesena
355,He sees the trees in the city.,lo luma saki nul na kano,lo luma enu saki sha kano,naluma sakiok nim kano,luma-li saki-min kano-ne,losakiitkanoniluma
356,He will see the trees in the city tomorrow.,fila lo vek luma saki nul na kano,lo zo luma enu saki sha kano fila,orluma sakiok nim kano fila,luma-li-ra saki-min kano-ne fila,losakiitkanonilumarufila
357,He saw the trees in the city yesterday.,sena lo tun luma saki nul na kano,lo ki luma enu saki sha kano sena,evluma sakiok nim kano sena,luma-li-si saki-min kano-ne sena,losakiitkanonilumasesena
358,He sees the trees in the house.,lo luma saki nul na toto,lo luma enu saki sha toto,naluma sakiok nim toto,luma-li saki-min toto-ne,losakiittotoniluma
359,He will see the trees in the house tomorrow.,fila lo vek luma saki nul na toto,lo zo luma enu saki sha toto fila,orluma sakiok nim toto fila,luma-li-ra saki-min toto-ne fila,losakiittotonilumarufila
360,He saw the trees in the house yesterday.,sena lo tun luma saki nul na toto,lo ki luma enu saki sha toto sena,evluma sakiok nim toto sena,luma-li-si saki-min toto-ne sena,losakiittotonilumasesena
361,I am sad.,ma ge sima,ma ge sima,ma mege sima,ma sima,masimama
362,I am very sad.,ma ge po sima,ma ge po sima,ma mege posima,ma po-sima,maposimama
363,You are sad.,ta ge sima,ta ge sima,ta tige sima,ta sima,tasimata
364,You are very sad.,ta ge po sima,ta ge po sima,ta tige posima,ta po-sima,taposimata
365,He is sad.,lo ge sima,lo ge sima,lo nage sima,lo sima,losimalo
366,He is very sad.,lo ge po sima,lo ge po sima,lo nage posima,lo po-sima,loposimalo
367,The house is big.,toto ge kiwa,toto ge kiwa,toto nage kiwa,toto kiwa,totokiwalo
368,The houses are big.,toto nul ge kiwa,enu toto ge kiwa,totoum nage kiwa,toto-min kiwa,totoitkiwalo
369,The house is very big.,toto ge po kiwa,toto ge po kiwa,toto nage pokiwa,toto po-kiwa,totopokiwalo
370,The house is small.,toto ge pika,toto ge pika,toto nage pika,toto pika,totopikalo
371,The houses are small.,toto nul ge pika,enu toto ge pika,totoum nage pika,toto-min pika,totoitpikalo
372,The house is very small.,toto ge po pika,toto ge po pika,toto nage popika,toto po-pika,totopopikalo
373,The city is big.,kano ge kiwa,kano ge kiwa,kano nage kiwa,kano kiwa,kanokiwalo
374,The cities are big.,kano nul ge kiwa,enu kano ge kiwa,kanoesh nage kiwa,kano-min kiwa,kanoitkiwalo
375,The city is very big.,kano ge po kiwa,kano ge po kiwa,kano nage pokiwa,kano po-kiwa,kanopokiwalo
376,The city is small.,kano ge pika,kano ge pika,kano nage pika,kano pika,kanopikalo
377,The cities are small.,kano nul ge pika,enu kano ge pika,kanoesh nage pika,kano-min pika,kanoitpikalo
378,The city is very small.,kano ge po pika,kano ge po pika,kano nage popika,kano po-pika,kanopopikalo
379,The person is big.,mira ge kiwa,mira ge kiwa,mira nage kiwa,mira kiwa,mirakiwalo
380,The people are big.,mira nul ge kiwa,enu mira ge kiwa,miraai nage kiwa,mira-min kiwa,miraitkiwalo
381,The person is very big.,mira ge po kiwa,mira ge po kiwa,mira nage pokiwa,mira po-kiwa,mirapokiwalo
382,The person is small.,mira ge pika,mira ge pika,mira nage pika,mira pika,mirapikalo
383,The people are small.,mira nul ge pika,enu mira ge pika,miraai nage pika,mira-min pika,miraitpikalo
384,The person is very small.,mira ge po pika,mira ge po pika,mira nage popika,mira po-pika,mirapopikalo
385,The tree is big.,saki ge kiwa,saki ge kiwa,saki nage kiwa,saki kiwa,sakikiwalo
386,The trees are big.,saki nul ge kiwa,enu saki ge kiwa,sakiok nage kiwa,saki-min kiwa,sakiitkiwalo
387,The tree is very big.,saki ge po kiwa,saki ge po kiwa,saki nage pokiwa,saki po-kiwa,sakipokiwalo
388,The tree is small.,saki ge pika,saki ge pika,saki nage pika,saki pika,sakipikalo
389,The trees are small.,saki nul ge pika,enu saki ge pika,sakiok nage pika,saki-min pika,sakiitpikalo
390,The tree is very small.,saki ge po pika,saki ge po pika,saki nage popika,saki po-pika,sakipopikalo
391,I cry because I am sad.,ma naku ka ma ge sima,ma naku ka ma ge sima,menaku ka ma mege sima,naku-ka ka ma sima,manakukamasimama
392,You cry because you are sad.,ta naku ka ta ge sima,ta naku ka ta ge sima,tinaku ka ta tige sima,naku-tu ka ta sima,tanakukatasimata
393,He cries because he is sad.,lo naku ka lo ge sima,lo naku ka lo ge sima,nanaku ka lo nage sima,naku-li ka lo sima,lonakukalosimalo
